user_id,avg_engage_per_week
4,10.3333
8,7.2000
11,31.5000
17,27.5000
19,14.2000
20,11.3333
22,44.6250
30,8.3750
49,5.0000
59,42.8333
64,7.8333
66,21.5000
78,12.5000
80,24.3333
83,30.0000
86,16.8571
98,7.3333
101,33.4167
124,8.5000
128,15.5000
134,30.8571
136,44.4000
140,23.3333
150,20.0000
163,27.6000
170,28.0000
171,6.0000
172,11.8000
175,11.5000
181,6.5000
182,22.2500
201,12.7500
203,36.3000
209,7.3333
214,31.0000
215,23.1429
226,8.0000
227,25.0000
232,20.4000
239,11.6364
244,9.0000
247,16.6667
253,27.2000
259,4.5000
260,20.7273
262,21.3333
264,15.2000
270,21.8000
271,7.0000
285,33.4286
286,11.5000
287,27.1818
300,10.0000
301,11.6667
306,22.5000
319,11.5385
323,4.4000
332,3.3333
335,3.0000
341,5.0000
345,6.6667
346,8.0000
347,36.9091
349,9.0000
353,10.5000
359,30.0000
363,23.0000
365,20.6667
366,29.7857
372,34.3000
373,6.5000
376,21.1250
381,12.5556
383,25.3333
388,10.1429
390,22.0000
402,9.3333
403,25.3333
404,3.0000
406,27.0000
428,21.7143
429,17.6250
430,4.6000
434,15.6000
437,9.8571
441,19.2500
451,20.5000
457,13.6667
460,13.0000
461,27.2500
462,23.8333
466,18.0000
471,4.0000
479,9.5000
489,18.0000
491,4.0000
492,15.7500
493,7.4000
498,6.5000
501,29.1111
503,5.6000
521,37.1111
523,27.6364
527,21.6667
529,31.7500
535,5.3333
546,7.0000
551,28.5714
552,23.4444
555,24.6250
563,24.0000
565,38.0000
566,19.0000
575,22.4000
576,28.4286
581,20.5000
586,13.0000
589,28.4286
591,25.5833
597,27.2000
602,8.8333
614,18.5000
621,13.2000
633,5.7500
643,19.8750
644,31.3333
655,8.0000
660,7.9000
668,13.4000
673,5.8333
684,40.0000
688,22.2500
689,8.0000
698,12.0000
700,13.7500
702,18.3636
703,5.2500
707,18.3333
709,18.0000
714,22.8333
719,26.2222
720,11.3333
726,6.0000
729,26.0000
745,32.1111
746,7.0000
753,15.8000
756,15.0000
759,31.4286
761,45.2857
771,16.8889
772,9.0000
773,10.0000
775,8.7778
780,12.4286
783,20.6667
792,10.5000
800,7.3333
802,4.4000
806,8.0000
819,21.8333
822,14.5556
823,10.0000
825,26.6667
827,21.5000
831,15.0000
836,7.5000
857,26.5455
864,9.0000
899,19.6667
908,3.8571
914,27.8333
915,10.3333
916,20.5000
919,17.9091
927,13.7500
931,24.4286
934,9.3333
935,5.0000
937,11.6667
949,8.5000
952,10.7143
959,7.6667
960,5.5000
966,19.5000
973,36.8333
984,5.4000
1012,17.0909
1014,10.3333
1018,24.5000
1019,10.3333
1024,10.7500
1033,18.0000
1035,14.0000
1047,34.5833
1055,10.4286
1061,15.2857
1063,24.1667
1078,13.5000
1080,30.3750
1085,4.5000
1090,5.3333
1104,4.2000
1108,17.8000
1114,13.8571
1119,3.0000
1121,34.2500
1126,48.0000
1127,5.7500
1128,7.6000
1135,17.0000
1139,37.3333
1147,37.4286
1154,24.7000
1164,4.0000
1165,9.2857
1170,29.6667
1179,14.0000
1194,16.7500
1208,5.6000
1215,28.1111
1218,9.2000
1220,12.0000
1225,28.6667
1238,4.0000
1252,20.0000
1260,3.0000
1271,13.6667
1275,30.3333
1283,16.8750
1287,18.7500
1293,6.0000
1295,9.7500
1297,19.5455
1300,25.8000
1301,22.1667
1306,15.8571
1308,13.0000
1311,31.0000
1312,24.8750
1319,42.4000
1322,4.6667
1326,11.1000
1345,17.5000
1346,7.1667
1351,35.5455
1352,4.6667
1361,43.0000
1365,4.0000
1367,20.0000
1371,18.0000
1373,25.7500
1374,6.0000
1377,4.0000
1380,26.4545
1381,24.3636
1384,21.7143
1386,3.0000
1388,18.0000
1400,10.0000
1401,11.2000
1403,11.2500
1410,36.2500
1412,27.4444
1415,36.1667
1419,8.5000
1422,8.0000
1423,26.8333
1424,28.2727
1425,6.8333
1427,11.1250
1428,19.8333
1439,35.6667
1440,17.3333
1445,10.5000
1446,2.0000
1450,12.5000
1461,13.5000
1463,2.0000
1465,10.2500
1468,7.3333
1477,6.0000
1481,2.0000
1482,11.1667
1488,3.0000
1492,13.5000
1495,10.6250
1496,20.2500
1498,5.8750
1499,23.0000
1505,19.0000
1509,21.6250
1515,7.0000
1529,7.5000
1535,19.6667
1543,29.0000
1549,3.6667
1554,24.0000
1555,2.0000
1563,6.0000
1568,9.0000
1570,21.5000
1575,5.6000
1577,7.0000
1587,16.5556
1591,12.2500
1594,28.0000
1605,20.0909
1606,8.8000
1610,3.7143
1611,18.5000
1619,21.8750
1622,21.0000
1623,8.7778
1633,28.2000
1635,23.3333
1639,9.0000
1640,6.0000
1642,31.2000
1646,18.2500
1650,22.2222
1659,9.8333
1669,44.5000
1676,5.0000
1678,14.0000
1687,10.7778
1689,7.0000
1692,12.3333
1695,12.0000
1698,5.0000
1702,3.0000
1710,24.5556
1711,14.1000
1712,4.0000
1715,2.3333
1717,6.2000
1727,13.5000
1729,15.3333
1733,9.4000
1736,18.0000
1737,32.2000
1739,5.0000
1742,30.0000
1761,17.8000
1803,7.0000
1804,5.2500
1808,16.8333
1811,17.5000
1812,5.5000
1831,11.6000
1834,18.2500
1838,24.3333
1839,4.0000
1861,4.0000
1874,3.0000
1883,4.0000
1895,24.0000
1897,7.0000
1905,7.7143
1927,29.8750
1933,4.3333
1943,39.0000
1944,3.0000
1950,14.0000
1954,15.5000
1957,21.1429
1967,24.3333
1970,2.0000
1971,12.5000
1974,9.3333
1976,31.5000
1977,18.8000
1979,20.2857
1981,21.3750
1982,29.0000
1990,21.0000
1992,23.0000
1997,4.0000
2016,28.8000
2026,15.3333
2033,7.3333
2050,29.7143
2056,24.5000
2068,7.5000
2070,38.0000
2071,7.0000
2074,21.2500
2076,33.8889
2079,28.0000
2080,24.6667
2081,31.0000
2086,14.5000
2111,13.0000
2117,22.2000
2120,12.0000
2123,22.4000
2125,20.0000
2138,7.5000
2142,2.0000
2157,7.8000
2165,10.0000
2166,10.0000
2169,2.0000
2172,7.9091
2176,12.2500
2179,10.5000
2180,3.6667
2183,25.8000
2189,3.0000
2190,6.0000
2192,10.7500
2194,28.5714
2199,3.0000
2204,29.0000
2222,9.7500
2223,20.0000
2240,29.5714
2243,6.0000
2246,20.6667
2250,27.4000
2265,4.0000
2279,24.2500
2280,6.0000
2295,7.4000
2313,10.0000
2314,7.0000
2315,4.5000
2316,36.0000
2319,19.0000
2325,22.5000
2327,7.4000
2329,36.5000
2330,34.1250
2357,4.8333
2360,16.6667
2362,2.0000
2368,8.0000
2372,11.6667
2373,5.5000
2375,16.5000
2376,12.3333
2386,6.2857
2398,27.1176
2410,32.3333
2419,35.8571
2448,18.3636
2451,8.0000
2458,21.5000
2463,12.2500
2474,22.1000
2480,20.5000
2481,14.0000
2488,23.3333
2490,16.6250
2508,6.5000
2513,26.3750
2521,7.8571
2524,4.5000
2528,27.0000
2536,17.0000
2538,6.3333
2539,6.0000
2547,7.2500
2552,5.5000
2564,19.0000
2594,19.0000
2604,4.7500
2606,3.5000
2607,6.8000
2610,6.8000
2616,11.0000
2619,12.7143
2624,4.5000
2631,3.6667
2633,10.1667
2641,4.0000
2647,6.0000
2654,21.3333
2661,27.2000
2662,28.5000
2676,22.5000
2684,26.3333
2690,13.2500
2693,2.0000
2699,4.0000
2705,2.0000
2706,6.0000
2707,20.3000
2711,20.1429
2718,12.5000
2721,10.1000
2737,14.5714
2740,4.3333
2743,25.0000
2744,32.6000
2750,11.7500
2752,4.0000
2759,23.0000
2761,9.0000
2774,6.4000
2777,7.5000
2782,14.7778
2787,2.3333
2789,27.0909
2792,2.0000
2799,11.8333
2802,19.9167
2814,10.0000
2818,6.6667
2828,11.0000
2833,21.4000
2843,19.7500
2844,22.0000
2847,30.5000
2853,25.7500
2854,8.1250
2859,6.7500
2860,11.3333
2872,10.8571
2876,5.5000
2878,25.6667
2892,5.0000
2902,27.7500
2905,6.0000
2916,9.5000
2918,7.3333
2923,3.0000
2925,5.3750
2931,12.3333
2933,7.0000
2935,19.0000
2936,5.6667
2938,4.0000
2940,35.9167
2943,19.1667
2954,11.1429
2955,26.0000
2959,29.0909
2960,12.2857
2966,42.0000
2967,19.3333
2968,21.1429
2979,5.2000
2982,16.0000
2984,6.0000
2990,38.2857
2995,18.6667
3007,17.5000
3015,7.6250
3025,24.3333
3028,6.6000
3029,10.0000
3031,6.0000
3032,32.0909
3039,14.8750
3045,9.4000
3051,9.0000
3058,10.2000
3061,7.3333
3065,4.8571
3081,28.8889
3084,11.8333
3090,13.7500
3100,31.1000
3102,28.5000
3103,11.2500
3107,14.5000
3119,8.6667
3121,24.8889
3124,5.0000
3129,9.0000
3136,9.0000
3140,5.0000
3142,20.5556
3146,5.0000
3155,10.3333
3156,11.0000
3159,16.0000
3163,25.3000
3164,41.6667
3170,14.7778
3176,18.6667
3194,7.3333
3200,6.5714
3207,16.0000
3208,5.2500
3213,7.0000
3215,23.5714
3222,6.0000
3226,29.3333
3227,10.5000
3231,3.6667
3238,5.0000
3240,3.5000
3243,5.0000
3245,25.8333
3250,9.5000
3251,13.5000
3254,11.5000
3255,32.5714
3264,8.5000
3269,24.8333
3271,17.0000
3274,26.7778
3275,14.0000
3281,17.0000
3289,13.5000
3301,9.5000
3306,9.0000
3316,8.5000
3318,5.2308
3320,8.4286
3322,7.8000
3325,18.5000
3334,25.4000
3349,49.6667
3352,8.0000
3353,8.1667
3369,3.6667
3390,42.6667
3391,13.0000
3398,5.2500
3399,4.0000
3403,9.0000
3412,11.0000
3420,7.5000
3423,6.0000
3424,6.4000
3428,6.7500
3433,4.0000
3440,9.8571
3442,11.0000
3446,20.1818
3451,19.3333
3454,4.7273
3457,8.0000
3460,6.4000
3462,5.8333
3464,9.1429
3468,15.7273
3470,10.2500
3484,23.3750
3486,11.7143
3488,19.5000
3490,5.3750
3493,4.0000
3495,12.4167
3507,24.6000
3512,24.5000
3519,22.6667
3521,21.0000
3527,2.0000
3536,26.1538
3541,22.3333
3545,17.0000
3547,19.6667
3555,16.5714
3558,21.0000
3559,14.3750
3561,6.0000
3565,19.0000
3575,11.8333
3580,8.0000
3582,19.5000
3583,6.6667
3584,20.4444
3590,22.3000
3595,6.5000
3597,15.5000
3599,8.0000
3605,6.6000
3619,4.0000
3620,8.0000
3626,20.8000
3627,4.1667
3630,11.0000
3633,30.5000
3636,5.0000
3645,4.0000
3657,3.2000
3658,14.3333
3660,12.0000
3663,34.0000
3672,12.0000
3675,7.0000
3692,6.5000
3698,6.3333
3708,4.6667
3709,16.0000
3720,40.5833
3737,6.0000
3741,15.5000
3744,4.2500
3754,7.0000
3755,35.0000
3760,33.4000
3768,5.0000
3774,32.8125
3787,3.5000
3790,5.5000
3794,12.0000
3811,26.4444
3815,18.5000
3818,2.2000
3821,25.2222
3822,12.0000
3830,42.6000
3834,24.3333
3835,6.1667
3844,12.0000
3847,6.4000
3848,16.9000
3853,5.0000
3856,5.8333
3860,21.1250
3873,14.5000
3878,4.6667
3880,8.5000
3881,11.8333
3882,20.5000
3884,24.2727
3894,17.0000
3899,15.6667
3900,3.0000
3901,20.2857
3907,5.8750
3909,9.1667
3921,4.0000
3931,19.3750
3937,7.3333
3948,20.8571
3966,4.4000
3970,18.5000
3971,33.2000
3973,17.5000
3975,4.6667
3979,8.5000
3988,5.2500
3992,20.0000
4002,32.8750
4011,14.2500
4016,21.0000
4028,5.3333
4030,2.0000
4032,28.3333
4037,27.5000
4038,24.0000
4043,34.2500
4052,6.6667
4058,4.6667
4060,36.8000
4063,5.0000
4065,3.0000
4077,7.0000
4088,7.0000
4092,6.0000
4099,16.0000
4103,4.5000
4108,31.2222
4115,4.0000
4116,11.0000
4119,17.3000
4121,11.0000
4126,9.0000
4134,57.5000
4139,5.5000
4140,21.5833
4152,24.2500
4158,8.5000
4160,11.0000
4163,11.0909
4175,25.0000
4177,9.0000
4182,13.0000
4192,4.0000
4195,20.0000
4198,9.3333
4202,25.4286
4204,23.6667
4207,25.4000
4209,33.4286
4211,6.0000
4218,16.0000
4220,28.6667
4226,24.2222
4236,23.0000
4240,22.0000
4242,7.0000
4245,8.7500
4248,21.3333
4251,22.0000
4256,22.1000
4268,16.4000
4273,2.7500
4274,23.2500
4281,35.6000
4282,13.0000
4291,4.7500
4293,6.0000
4296,5.5000
4299,4.0000
4306,7.8000
4312,6.5000
4322,28.6000
4329,2.0000
4330,9.0000
4334,7.2500
4336,19.8000
4338,7.2000
4342,7.5000
4347,20.4000
4351,8.0000
4353,10.1429
4364,25.0000
4365,4.0000
4380,10.3333
4382,17.0000
4387,23.7143
4390,22.0000
4391,21.5000
4392,8.0000
4398,14.6250
4400,23.6667
4406,19.0000
4409,4.5000
4414,7.2500
4419,3.6667
4426,17.0000
4430,24.2000
4433,4.6667
4438,2.5000
4442,11.1429
4446,4.3333
4457,5.3333
4481,10.2857
4496,11.8571
4497,8.8333
4500,22.4545
4510,4.0000
4511,11.0000
4513,7.5000
4522,3.4000
4526,19.7500
4535,8.7143
4545,32.5000
4549,2.6667
4556,37.2500
4560,7.0000
4561,17.3333
4562,10.0000
4567,8.0000
4568,10.5000
4569,5.3000
4575,9.5714
4580,18.0000
4583,6.6667
4584,26.6000
4591,2.3333
4596,25.1250
4609,2.0000
4626,33.3846
4627,4.3333
4635,9.0000
4639,5.2500
4641,14.4286
4642,11.8000
4660,38.5000
4662,10.6667
4670,11.0000
4675,3.0000
4680,9.0000
4686,27.6000
4687,28.1429
4688,26.0000
4693,3.0000
4697,5.5000
4708,15.0000
4711,28.4000
4717,4.3333
4723,28.0000
4726,35.7500
4733,5.8000
4744,11.0000
4757,19.0000
4767,24.0000
4770,17.6000
4781,11.0000
4782,24.3333
4787,10.2857
4805,6.0000
4808,15.4286
4818,5.2500
4824,12.1111
4842,6.3333
4844,6.7500
4852,6.2500
4855,21.6667
4860,11.0000
4866,28.6667
4867,27.0000
4876,19.6250
4892,9.6667
4897,47.6667
4899,21.0000
4916,11.0000
4918,29.0000
4924,6.4000
4929,3.0000
4933,9.6667
4934,6.0000
4935,5.8000
4937,3.0000
4949,23.0000
4957,23.7778
4958,8.0000
4963,24.0000
4964,10.0000
4967,9.2500
4972,23.1111
4974,4.0000
4976,9.0000
4977,8.7500
4981,24.2000
4988,6.5000
4995,3.6667
5010,20.2500
5012,15.4000
5017,2.0000
5018,34.8000
5025,41.3333
5027,7.5000
5031,18.3750
5045,22.0000
5057,5.0000
5063,34.0000
5068,13.3333
5069,33.0000
5074,15.0000
5076,20.2857
5082,4.0000
5083,4.3333
5084,33.2857
5091,21.0000
5096,22.0000
5105,3.0000
5108,9.0000
5110,41.4286
5120,8.3333
5122,8.5000
5134,20.7692
5137,8.4000
5156,31.5556
5158,9.7500
5164,25.4286
5168,17.2727
5175,7.0000
5181,10.2500
5184,13.5000
5189,2.0000
5191,13.5714
5192,14.1429
5194,16.9167
5200,5.0000
5204,3.0000
5217,19.8000
5224,6.0000
5232,24.7500
5240,8.6667
5244,27.3333
5248,33.0000
5249,8.3333
5254,15.5000
5260,12.0000
5262,5.6000
5275,18.0000
5284,13.0000
5285,5.0000
5288,17.8000
5291,8.0000
5292,5.2857
5294,19.4286
5296,14.0000
5299,19.5000
5301,28.1667
5310,16.0000
5326,27.6250
5327,6.0000
5331,12.3333
5333,6.0000
5342,8.6667
5347,32.0000
5352,38.8000
5356,5.1429
5361,6.4286
5366,50.0000
5373,12.6667
5377,11.6667
5388,14.5000
5394,24.4000
5395,13.0000
5399,22.8571
5403,5.5000
5413,8.0000
5422,11.7500
5424,27.2857
5432,4.5000
5438,31.1667
5440,23.1667
5452,8.8333
5457,10.5000
5462,8.0000
5472,10.5000
5477,29.2727
5485,22.4000
5490,32.6250
5496,2.0000
5501,6.4000
5506,6.0000
5508,16.7500
5509,10.3333
5510,7.1429
5519,6.3333
5526,4.5000
5530,16.7143
5531,13.3333
5534,6.0000
5538,15.0000
5546,23.0000
5548,6.8333
5554,9.0000
5555,3.0000
5562,6.5714
5563,5.4167
5564,3.6667
5569,37.8000
5571,27.2000
5574,9.7778
5576,10.7143
5584,5.3333
5589,8.0000
5597,4.4545
5601,12.0000
5617,7.0000
5623,2.5000
5629,13.6000
5632,5.2500
5633,29.4118
5634,19.0000
5641,3.0000
5642,25.2222
5646,27.0000
5648,5.7500
5652,7.4000
5653,9.0000
5659,5.4000
5664,20.5000
5672,30.0000
5675,27.6667
5677,26.5833
5679,2.0000
5683,10.0000
5687,5.0000
5691,21.0000
5706,10.5000
5718,2.0000
5719,6.0000
5720,33.2500
5733,20.7500
5744,4.6667
5750,6.0000
5751,12.0000
5753,8.0000
5754,32.5556
5763,2.0000
5767,6.0000
5768,5.5000
5786,27.2500
5796,5.0000
5803,31.7500
5813,18.5000
5814,15.0000
5817,13.7143
5830,10.3333
5832,3.6000
5841,7.0000
5843,3.0000
5845,6.0000
5856,6.3333
5863,7.2857
5870,13.5000
5872,20.0000
5888,24.8333
5892,16.7500
5897,12.2500
5900,12.5000
5903,4.0000
5905,2.0000
5911,15.0000
5919,38.0000
5925,9.0000
5927,6.0000
5931,16.4444
5936,8.2500
5938,5.3333
5952,13.2000
5953,8.2000
5954,10.5000
5957,34.2222
5961,15.0000
5962,11.0000
5977,11.0000
5981,11.1667
5987,9.6667
5994,5.3333
5997,4.0000
6000,19.8000
6002,5.0000
6003,47.0000
6005,25.0000
6006,6.0000
6010,4.7500
6016,26.6667
6018,8.1667
6023,7.2500
6031,5.7143
6033,4.5000
6040,5.7500
6048,12.0000
6050,14.5000
6072,6.0000
6074,41.1818
6078,8.0000
6081,5.1111
6085,8.2000
6090,25.7500
6094,9.3333
6102,12.3333
6116,7.5714
6121,8.5000
6122,39.6667
6124,20.0000
6130,17.5000
6145,2.0000
6149,10.0000
6152,10.3000
6154,23.5000
6156,13.3333
6161,5.0000
6164,17.0000
6172,5.5000
6174,4.3333
6179,13.5000
6181,26.4286
6189,4.6667
6192,8.4000
6200,7.0000
6202,22.0000
6203,7.5000
6212,4.6667
6213,12.0000
6215,15.0000
6222,9.7500
6224,39.0000
6228,16.6000
6231,19.0000
6241,20.9000
6242,13.1429
6245,9.0000
6246,3.0000
6251,8.2000
6261,8.0000
6275,13.8571
6277,9.5000
6286,3.0000
6287,32.3333
6288,4.4000
6296,34.3750
6298,5.8333
6301,27.0000
6303,6.5000
6306,35.0000
6309,4.3333
6310,19.0000
6315,7.0000
6324,10.0000
6337,5.2500
6339,23.3333
6343,7.0000
6349,15.5000
6372,22.8889
6374,15.0000
6376,3.7500
6389,3.0000
6391,17.4286
6394,3.8333
6401,3.0000
6405,7.5000
6410,26.8667
6419,16.8571
6420,4.0000
6425,5.0000
6426,30.6154
6428,4.5000
6432,5.8333
6435,13.0000
6447,14.5000
6458,5.0000
6468,7.5000
6470,30.0000
6478,7.5000
6484,7.0000
6485,6.5714
6488,15.8750
6494,19.0000
6502,9.7143
6515,9.2000
6525,8.7500
6531,8.3333
6540,12.1667
6543,21.7500
6547,21.7500
6548,32.2222
6553,21.3333
6555,8.7500
6556,28.0000
6557,11.0000
6559,17.0000
6565,24.3333
6566,4.0000
6570,4.6250
6581,19.6000
6583,21.8889
6593,25.0000
6602,25.5714
6606,7.0000
6608,15.5000
6612,11.1000
6616,4.1429
6625,10.0000
6631,25.5000
6634,11.3750
6635,2.6667
6637,18.0000
6649,23.5000
6652,23.4000
6658,16.7500
6659,10.0000
6669,9.5000
6676,7.0000
6681,44.5000
6691,2.0000
6692,8.0000
6693,3.0000
6694,4.3333
6696,8.7500
6714,4.6667
6728,6.7500
6729,15.0000
6739,21.5000
6749,30.5000
6750,10.6667
6754,6.0000
6779,17.0000
6794,5.0000
6797,11.0000
6798,3.0000
6801,10.6667
6808,5.7500
6813,11.0000
6821,17.6667
6852,13.0000
6862,20.7273
6863,10.0000
6879,4.0000
6880,11.3333
6884,8.3333
6887,3.5000
6897,29.4286
6903,4.0000
6904,31.5000
6907,9.7500
6921,26.6667
6926,43.0000
6927,2.0000
6933,10.3333
6934,6.9091
6938,36.6667
6942,26.5000
6947,6.6364
6950,14.0000
6956,3.0000
6963,5.8000
6964,42.0000
6967,9.8333
6969,17.2308
6977,16.3333
6978,21.2000
6979,3.8000
6986,21.6000
6991,7.1429
6997,6.1667
7007,8.0000
7009,7.0000
7016,8.6000
7018,6.0000
7026,4.0000
7030,6.4000
7034,7.0000
7044,24.4444
7047,9.0000
7048,12.2000
7050,5.4000
7051,3.8333
7056,5.7500
7064,22.5000
7068,14.7500
7070,8.5000
7089,9.4000
7091,8.2500
7093,5.5000
7102,13.0000
7104,4.1667
7107,10.1429
7109,24.7500
7110,17.2222
7111,5.0000
7131,28.1250
7133,6.3333
7137,16.5000
7144,13.0000
7145,23.2222
7151,9.5000
7157,16.1429
7160,17.2500
7164,14.2500
7167,20.3333
7170,2.0000
7176,13.0000
7195,4.4000
7198,13.2000
7199,66.0000
7201,11.2500
7213,29.1250
7215,2.0000
7224,13.0000
7227,6.1000
7238,3.2000
7241,4.5000
7245,3.6667
7249,26.5000
7259,18.0000
7261,12.5000
7264,4.3333
7267,3.5000
7272,21.4000
7282,11.0000
7284,3.0000
7294,15.0000
7295,4.8000
7297,29.1429
7300,5.0000
7301,6.0000
7308,6.0000
7317,13.1250
7322,13.0000
7323,26.6667
7325,15.0000
7326,8.5000
7330,7.5000
7333,28.4000
7350,15.5000
7358,6.8333
7370,13.6000
7385,10.5714
7394,5.0000
7395,35.2000
7396,8.6667
7397,3.0000
7406,22.0000
7408,14.0000
7425,2.0000
7426,7.5000
7439,10.0000
7440,16.3333
7442,3.6667
7445,17.0000
7449,6.6667
7452,29.0000
7454,5.0000
7455,5.8000
7461,13.6000
7467,23.2222
7468,2.0000
7469,5.8000
7484,12.1429
7486,7.5000
7488,9.0000
7492,6.6667
7494,9.3333
7498,7.5000
7499,26.0000
7509,14.2500
7510,27.0588
7518,7.3333
7519,5.5000
7524,4.8333
7531,24.8333
7532,6.3333
7535,20.4444
7546,2.0000
7548,5.3333
7549,6.7778
7557,15.2000
7558,17.7500
7559,4.5000
7563,16.2857
7565,5.0000
7567,7.2857
7568,27.3333
7583,5.8000
7584,7.0000
7589,3.3333
7592,11.0000
7595,18.4000
7601,12.0000
7603,32.0000
7605,30.4000
7614,16.0000
7620,29.7143
7632,25.0000
7634,17.2222
7635,9.6364
7639,2.0000
7651,10.0000
7654,15.0000
7655,22.0000
7656,11.7500
7665,16.8750
7670,8.0909
7673,34.1667
7677,35.6250
7696,33.5000
7703,8.5000
7718,8.5000
7723,5.2857
7754,35.0000
7767,11.0000
7785,7.2000
7794,10.2500
7801,6.0000
7804,10.0000
7809,24.3000
7810,23.8750
7815,4.0000
7824,7.4000
7825,12.8750
7829,7.1667
7834,6.6667
7839,30.0000
7841,4.5000
7846,15.0000
7848,6.0000
7849,10.5714
7851,44.8889
7853,5.5000
7861,35.2000
7863,11.3333
7864,22.0000
7865,38.0000
7877,24.2500
7882,7.4000
7883,18.0000
7885,18.4000
7888,11.6667
7899,7.6667
7902,7.0000
7911,13.5000
7912,15.7500
7914,32.6667
7916,7.5000
7917,9.0000
7925,26.5000
7930,6.8750
7932,25.5000
7937,6.5556
7941,14.0769
7942,21.5556
7946,3.0000
7948,15.0000
7952,7.0000
7959,6.3333
7969,8.5000
7972,9.5000
7990,26.6667
7991,7.0000
7997,20.7500
7998,27.8750
8007,15.5000
8010,5.2000
8015,7.3333
8016,5.6667
8017,17.0000
8021,10.7143
8022,10.7500
8024,5.8333
8039,5.2500
8041,4.6000
8043,9.5833
8044,9.5000
8046,6.0000
8060,9.5000
8064,3.5000
8065,19.6667
8068,12.5000
8074,8.5000
8075,12.0000
8078,5.6667
8085,8.0000
8089,7.5000
8090,10.3333
8091,5.1111
8093,5.5000
8097,35.0000
8098,20.4286
8099,20.2500
8101,2.0000
8104,6.5714
8110,9.0000
8123,40.0000
8127,6.5000
8132,9.5000
8133,10.4444
8134,22.1111
8144,3.0000
8150,7.2500
8154,10.0000
8156,31.2727
8160,3.5000
8163,22.6667
8164,6.5000
8175,5.2000
8177,4.8000
8181,14.3750
8182,25.0000
8183,4.4286
8198,30.5000
8209,29.0000
8212,8.5000
8213,17.0000
8215,9.0000
8216,17.8182
8228,5.0000
8232,5.4000
8234,9.4000
8236,2.0000
8238,5.2000
8240,6.7000
8242,6.7500
8243,3.5000
8253,19.8000
8258,29.1333
8259,25.2000
8268,5.2500
8269,10.5000
8273,6.3333
8274,3.0000
8277,8.5000
8279,11.0000
8280,5.0000
8295,7.8333
8302,10.2500
8304,9.6667
8305,14.3333
8312,3.6000
8313,7.5000
8317,18.8000
8321,20.0000
8325,11.7778
8331,24.3333
8342,5.8333
8345,12.0000
8347,6.0000
8360,25.6667
8365,30.0000
8371,15.0000
8373,12.0000
8377,16.5000
8378,8.7500
8382,16.5000
8383,29.8750
8384,9.6667
8391,8.5000
8394,6.2000
8395,17.3750
8396,7.4545
8401,5.8333
8405,11.5000
8413,12.6000
8423,8.4000
8427,26.8750
8429,13.1667
8430,2.0000
8436,12.3333
8438,20.5000
8449,20.7500
8451,14.5000
8453,17.6000
8454,25.4286
8462,11.3636
8463,21.5000
8469,10.0000
8470,15.8750
8474,7.0000
8478,23.9000
8486,13.5000
8487,17.8889
8490,3.0000
8502,27.8750
8508,5.5000
8514,6.6000
8526,5.7500
8531,4.0000
8532,37.0000
8548,14.6000
8550,6.2500
8557,7.0000
8558,13.0000
8574,10.0000
8583,24.8000
8589,9.0000
8594,6.0000
8601,2.0000
8604,2.0000
8612,13.2500
8614,4.0000
8621,7.0000
8631,5.0000
8636,6.0000
8637,10.0000
8644,3.5000
8650,4.0000
8657,5.0000
8659,18.8750
8660,38.5000
8661,7.6667
8663,17.6667
8682,3.0000
8685,7.0000
8689,12.0000
8699,13.0000
8701,9.1667
8705,26.6000
8710,4.1667
8717,3.0000
8718,5.0000
8726,3.0000
8730,19.0000
8733,30.7500
8735,4.0000
8744,24.7500
8746,16.8000
8763,27.1111
8779,20.7000
8782,4.6667
8786,5.0000
8787,5.0000
8789,24.2000
8792,6.0000
8801,5.5000
8802,10.7500
8805,9.5000
8807,10.1667
8808,8.0000
8814,4.5714
8823,7.2000
8829,8.9000
8834,4.0000
8837,30.0000
8838,3.7500
8840,13.0000
8847,5.4000
8854,9.6667
8856,15.5000
8869,19.6667
8876,6.2500
8897,11.3333
8906,21.6000
8907,5.0000
8909,6.0000
8912,7.5000
8921,3.3333
8922,4.5000
8925,32.8333
8926,6.2500
8936,9.5000
8937,16.0000
8938,31.6667
8939,12.5000
8944,5.0000
8947,10.3333
8950,18.5000
8953,4.0000
8964,12.5000
8970,19.3333
8971,16.8333
8978,10.0000
8981,11.5000
8983,15.5000
8986,24.0000
8997,4.0000
9003,23.7333
9007,6.6667
9024,20.5000
9025,10.1818
9032,2.0000
9033,22.3333
9034,11.2500
9036,11.8000
9048,6.0000
9051,17.5000
9065,22.6364
9070,4.0000
9073,19.5000
9074,9.1000
9097,3.0000
9098,4.8333
9099,3.0000
9107,15.0000
9113,6.2857
9120,10.0000
9124,27.7500
9136,18.7143
9137,6.0000
9144,17.0000
9146,13.3333
9147,13.5000
9151,7.2000
9152,5.0000
9153,7.5000
9160,5.5000
9162,12.5000
9166,9.3333
9173,12.0000
9174,4.6667
9185,12.2857
9188,5.2500
9191,4.0000
9193,14.8333
9197,6.6667
9202,20.0000
9213,7.0000
9217,10.3333
9220,21.4000
9223,9.0000
9229,7.2857
9231,10.5000
9239,3.0000
9241,27.3333
9242,10.0000
9255,21.0000
9258,17.7500
9264,5.6667
9272,20.2000
9280,25.7500
9284,17.0000
9287,12.2000
9290,5.7143
9301,7.6667
9303,31.1111
9315,20.0000
9318,29.6667
9320,2.5000
9325,5.5000
9326,8.4000
9330,10.0000
9336,12.0000
9338,9.0000
9346,10.3333
9350,12.4000
9353,20.3077
9360,13.0000
9369,4.6667
9380,10.0000
9396,8.7500
9403,6.0000
9406,39.5000
9417,11.6667
9421,8.4444
9423,6.6667
9426,11.6250
9427,10.0000
9430,10.8571
9433,10.5000
9440,7.5000
9441,9.0000
9444,12.3333
9447,9.1667
9455,12.2500
9460,3.0000
9462,11.7500
9464,8.5556
9466,45.0000
9468,5.6667
9469,12.0000
9476,17.3333
9479,21.5000
9482,30.1429
9488,10.0000
9489,4.3333
9492,22.6000
9495,13.0000
9497,10.0000
9510,11.0000
9514,33.5000
9516,5.5000
9520,42.4286
9527,7.4286
9535,14.4000
9536,9.0000
9539,28.0000
9543,10.2500
9548,4.6667
9553,5.0000
9565,2.0000
9566,10.0000
9567,4.5000
9577,17.3333
9579,14.1250
9586,21.2500
9588,36.3333
9589,17.0000
9595,20.6667
9611,20.0000
9619,6.0000
9624,13.2500
9626,45.0000
9630,7.0000
9631,17.5000
9638,4.0000
9639,3.3333
9640,22.2500
9652,9.3333
9653,6.0000
9655,5.2500
9665,10.6667
9666,11.3333
9669,3.8571
9671,12.3333
9676,20.5000
9677,7.0000
9685,9.2000
9687,6.5000
9706,12.0000
9707,13.6667
9708,5.4000
9715,7.0000
9716,7.2857
9718,9.6667
9730,7.3333
9739,8.8571
9751,8.6667
9752,7.0000
9757,4.7500
9763,5.2500
9775,23.0000
9781,4.6667
9789,5.6667
9799,40.5000
9803,23.2000
9812,3.8333
9818,2.5000
9820,2.0000
9828,15.0000
9832,9.3333
9840,34.6364
9841,15.0000
9852,6.1667
9855,17.3333
9861,16.2000
9865,7.5000
9874,5.6000
9875,26.8333
9876,12.0000
9879,19.9167
9882,20.7778
9891,32.0000
9895,8.5000
9896,17.9167
9898,37.8333
9899,5.0000
9912,32.2222
9918,30.3333
9920,15.8333
9921,13.6667
9926,9.5000
9929,19.3750
9944,4.8571
9945,17.6000
9946,15.2857
9949,7.3750
9953,7.3333
9954,21.0000
9956,17.6250
9957,47.8000
9958,5.3333
9962,6.0000
9976,24.5000
9979,8.0000
9981,14.5000
9982,16.0000
9988,6.0000
9992,28.0000
9993,27.2857
9997,7.2000
10007,23.2500
10019,5.5000
10022,7.0000
10031,4.0000
10033,39.8000
10035,24.0000
10037,6.8571
10038,6.2500
10045,7.8000
10046,15.5000
10065,7.0000
10067,24.3125
10070,22.4000
10073,7.0000
10075,6.4444
10086,7.0000
10094,40.1667
10097,7.1250
10099,6.0000
10100,14.7500
10105,5.5000
10115,16.5000
10120,6.7500
10123,5.6667
10128,5.7143
10141,23.4000
10146,7.6667
10147,2.5000
10151,8.2500
10152,25.0000
10155,10.7500
10156,3.5000
10158,12.5000
10166,16.4000
10168,3.5000
10178,6.4286
10179,4.0000
10182,14.0000
10186,5.0000
10190,7.5000
10192,6.5714
10196,15.5000
10200,6.2500
10201,2.0000
10203,10.0000
10223,25.8333
10224,6.8000
10225,6.5000
10231,16.7500
10237,14.5455
10246,15.5000
10247,4.8000
10249,20.3333
10252,6.5000
10253,17.1111
10254,6.0000
10255,6.5556
10261,7.3333
10266,30.0000
10268,6.7500
10269,6.5000
10271,28.0000
10273,7.6667
10276,46.7500
10277,5.0000
10281,14.0000
10286,7.0000
10288,16.6667
10289,2.0000
10298,29.1111
10300,9.1429
10306,14.3636
10308,6.0000
10309,28.0000
10310,7.0000
10311,8.0000
10315,7.0000
10323,4.0000
10325,4.5000
10330,12.3333
10333,4.6667
10337,4.0000
10339,20.0000
10343,5.5000
10344,24.5000
10345,12.7143
10351,4.6667
10353,27.7778
10354,31.3333
10357,9.8000
10362,13.0000
10379,28.1250
10383,24.0000
10385,11.0000
10388,16.1667
10400,7.2000
10403,5.0000
10407,10.0000
10409,20.3333
10413,18.0000
10416,34.0000
10420,20.6000
10422,9.0000
10425,6.6667
10426,4.0000
10432,18.0000
10434,12.0000
10437,12.6000
10440,14.3333
10441,17.8333
10445,6.3333
10448,6.5000
10449,23.6250
10453,13.6250
10454,10.6667
10457,9.0000
10458,3.5000
10460,3.3333
10464,16.4545
10477,7.3750
10479,10.2857
10481,2.0000
10487,6.6667
10489,5.0000
10493,9.7143
10494,4.4000
10498,28.4444
10501,8.5000
10503,3.0000
10504,4.2000
10507,13.3333
10510,9.5000
10513,4.0000
10517,22.4286
10522,19.3333
10523,9.4286
10528,10.5000
10532,9.0000
10548,3.0000
10550,20.2000
10555,6.0000
10559,29.6364
10560,7.5000
10562,3.0000
10563,37.0000
10568,24.7500
10572,5.2222
10573,10.2000
10576,24.0000
10583,4.7500
10595,33.5000
10605,17.0000
10607,26.0000
10612,22.7273
10625,5.6667
10628,26.5000
10636,28.6000
10643,14.0000
10644,15.0000
10645,7.0000
10647,4.0000
10648,14.3636
10650,6.5000
10653,17.0000
10659,5.0000
10662,34.0000
10668,2.0000
10672,17.0000
10675,17.0000
10678,22.0000
10679,7.6667
10683,11.3333
10685,14.1250
10686,7.0000
10688,6.0000
10689,6.0000
10690,27.9091
10692,11.0000
10693,3.5000
10695,4.2500
10696,7.0000
10705,4.7500
10708,2.5000
10710,5.0000
10712,27.5333
10714,22.3333
10715,16.6667
10718,10.0000
10719,23.3333
10720,9.0000
10722,18.0000
10731,7.0000
10734,16.0000
10735,11.7500
10736,9.3333
10740,10.1111
10744,12.0000
10746,26.1667
10747,6.3333
10749,10.3333
10766,33.0000
10772,8.3333
10776,19.4444
10779,23.5000
10781,9.0000
10784,8.0000
10786,29.6667
10787,6.3333
10788,18.7500
10790,6.3333
10791,9.0000
10792,15.8000
10793,6.2500
10800,7.5000
10802,9.2000
10805,6.7500
10806,14.0000
10807,10.7500
10809,16.8000
10810,7.6667
10818,3.5000
10820,7.8571
10822,5.2500
10827,9.7500
10830,20.4000
10839,9.6667
10843,8.3333
10851,13.8000
10858,22.2000
10859,5.4286
10862,7.2000
10863,2.0000
10868,17.5000
10877,4.0000
10878,3.5000
10883,8.0000
10884,11.5000
10886,26.4000
10887,3.5000
10888,22.0000
10897,23.0000
10902,3.0000
10905,5.1667
10906,10.0000
10907,2.0000
10913,5.3333
10916,4.8571
10917,3.0000
10918,7.2000
10921,3.0000
10922,13.0000
10924,29.0000
10927,14.0000
10931,9.0000
10934,3.0000
10935,8.5000
10939,17.5000
10942,7.2000
10944,14.8571
10947,34.3333
10952,2.0000
10956,6.0000
10959,16.0000
10965,2.0000
10967,21.0000
10975,14.1111
10982,11.6667
10984,11.0000
10991,19.5000
10992,21.3750
10997,11.0000
10999,18.0000
11010,18.6667
11014,2.0000
11017,4.5000
11018,15.3333
11020,15.6000
11021,7.3333
11023,16.5000
11030,18.0000
11036,15.8889
11037,15.5000
11040,12.6667
11044,7.2857
11046,2.0000
11048,4.3333
11050,6.0000
11054,10.0000
11059,5.8333
11061,19.3750
11063,7.6000
11064,11.0000
11066,25.0000
11069,27.6364
11070,6.0000
11071,13.2500
11073,2.0000
11075,18.0000
11077,7.8571
11088,5.2500
11090,10.2222
11093,22.3333
11094,6.2500
11095,38.0000
11100,6.0000
11101,7.6667
11103,5.3333
11105,7.0000
11110,10.0000
11114,30.5000
11115,16.3333
11118,21.3333
11122,12.0000
11126,23.2000
11127,4.5000
11129,11.0000
11132,2.0000
11133,8.0000
11135,11.4000
11147,9.0000
11152,7.5000
11155,16.0000
11157,3.4000
11159,8.7500
11160,4.5000
11161,5.2500
11163,4.0000
11166,4.0000
11167,3.5714
11170,6.0000
11171,5.2500
11172,5.0000
11176,25.5000
11181,4.3077
11184,17.0000
11189,7.0000
11192,5.5000
11193,10.0000
11194,7.0000
11195,6.0000
11202,8.0000
11203,33.0000
11206,24.5000
11207,5.3333
11212,9.6667
11213,29.6667
11215,2.0000
11217,16.5000
11220,8.0000
11227,34.7500
11231,22.2000
11233,15.8000
11235,55.3333
11236,9.0000
11239,26.7143
11240,12.0000
11244,8.5000
11246,8.5000
11250,10.5714
11251,9.4000
11254,3.0000
11256,10.0000
11261,28.6667
11262,6.0000
11264,18.0000
11265,4.0000
11269,26.0000
11270,22.3333
11272,17.4286
11275,6.0000
11276,15.2000
11278,2.0000
11279,8.4286
11280,21.3333
11282,26.2500
11284,25.9286
11285,8.7500
11292,7.0000
11293,3.0000
11297,3.5000
11298,20.3333
11301,13.8333
11306,22.6667
11308,5.5000
11309,6.0000
11310,7.0000
11311,16.5000
11314,12.0000
11319,7.3333
11323,9.6667
11324,6.0000
11329,29.0000
11330,4.6667
11337,26.0000
11341,21.5000
11343,10.5000
11348,3.0000
11352,11.3333
11353,3.8000
11358,9.0000
11364,16.0000
11367,34.5000
11370,7.3333
11373,7.0000
11376,8.4286
11382,23.0000
11386,9.0000
11392,8.3333
11395,40.0000
11401,17.5000
11402,2.6667
11406,30.0000
11407,11.0000
11412,7.0000
11414,30.8889
11416,13.0000
11417,3.0000
11421,27.0000
11425,7.2500
11426,11.2500
11427,27.6667
11430,4.0000
11436,22.0000
11442,18.0000
11450,6.4000
11455,4.5000
11457,20.5000
11462,17.0000
11464,4.0000
11468,10.5000
11474,3.0000
11476,7.0000
11482,9.1667
11484,3.0000
11485,14.5000
11487,5.0000
11490,12.2000
11497,5.5000
11502,3.0000
11504,6.0000
11512,6.0000
11514,7.0000
11515,5.0000
11516,8.0000
11522,27.0000
11523,9.0000
11527,33.5000
11530,5.0000
11533,2.3333
11536,14.3333
11546,43.0000
11551,5.0000
11554,4.0000
11555,32.1250
11562,31.5000
11563,8.2500
11567,40.5714
11569,8.0000
11571,4.5000
11573,12.0000
11578,9.6667
11579,5.0000
11581,7.5556
11583,7.0000
11591,4.0000
11592,9.9231
11594,13.0000
11597,29.3077
11599,16.0000
11600,3.0000
11601,9.8571
11602,34.2500
11603,4.0000
11606,7.5000
11607,15.6667
11608,3.0000
11609,5.0000
11610,22.0000
11611,24.8462
11612,31.0000
11614,13.0000
11615,3.0000
11616,14.0000
11617,37.6000
11621,17.5455
11622,25.0000
11624,2.0000
11625,24.0000
11626,32.0000
11630,27.3077
11632,5.3333
11633,7.3333
11635,6.0000
11636,4.5000
11640,5.0000
11641,12.0000
11642,2.0000
11643,8.3333
11644,3.0000
11645,11.5000
11647,5.0000
11651,10.3333
11655,30.4286
11656,13.6667
11657,24.3000
11659,6.6250
11660,9.0000
11661,9.5000
11665,8.0000
11666,13.1250
11670,29.2000
11673,7.0000
11675,3.5714
11676,7.6667
11678,8.5000
11680,15.6667
11684,28.1667
11687,22.0000
11689,4.0000
11695,11.0000
11698,13.5000
11699,5.2000
11700,7.6000
11701,15.5000
11702,5.0000
11703,6.0000
11705,2.0000
11707,76.0000
11708,14.0000
11709,6.5000
11716,6.7500
11719,5.2500
11720,30.4286
11721,4.7500
11725,20.5000
11730,21.0000
11731,15.0000
11732,2.0000
11741,2.5000
11746,8.0000
11750,18.7500
11753,11.5000
11754,36.0000
11756,17.5455
11757,15.0000
11761,6.0000
11762,8.0000
11765,20.0000
11768,6.0000
11770,2.0000
11775,23.5000
11778,6.3333
11779,25.8000
11780,3.5000
11785,10.0000
11787,21.3333
11791,6.0000
11793,26.0000
11795,17.5000
11798,3.8333
11799,9.4000
11801,20.5000
11804,4.0000
11806,8.0000
11809,6.0000
11811,10.0000
11813,5.8333
11816,6.6667
11818,4.5000
11820,13.2500
11823,18.3333
11824,13.4286
11825,27.6667
11826,4.0000
11828,25.0000
11829,4.3333
11832,13.7500
11833,17.0714
11834,6.5000
11838,4.5000
11839,16.0000
11840,3.5000
11841,29.1667
11842,7.3333
11843,8.3333
11844,8.8333
11849,6.0000
11850,6.6667
11852,8.6000
11854,5.6667
11858,26.6667
11859,32.7500
11863,4.6667
11864,5.5000
11865,7.0000
11868,9.6667
11872,8.5000
11874,10.5000
11875,5.5000
11876,7.0000
11877,14.1250
11879,12.5000
11881,7.5000
11882,9.5000
11884,28.0000
11887,5.0000
11888,4.0000
11889,4.0000
11893,6.7143
11894,14.5000
11895,6.3333
11896,8.5000
11898,3.0000
11899,22.5000
11900,6.1667
11901,12.2500
11906,37.9167
11908,4.6667
11909,30.7143
11914,10.3333
11919,6.5000
11920,16.0000
11924,7.0000
11926,24.7500
11928,23.7500
11929,10.0000
11931,8.5000
11933,4.5000
11936,6.0000
11939,20.6667
11940,12.0000
11942,24.5714
11944,31.3333
11947,8.0000
11949,23.8571
11953,11.0000
11955,12.8000
11960,24.5000
11961,2.0000
11962,19.6667
11963,6.0000
11971,3.0000
11972,7.0000
11973,9.0000
11975,4.0000
11981,11.0000
11984,13.6000
11986,32.1667
11990,8.3333
11991,4.0000
11992,20.1429
11994,7.0000
11995,13.0000
11997,20.0000
11998,4.3333
11999,12.3333
12001,17.6250
12005,9.5000
12007,26.5455
12010,6.5000
12014,6.2000
12019,17.0000
12021,15.0000
12022,9.0000
12023,12.2000
12026,3.0000
12027,6.0000
12028,2.0000
12029,11.7500
12030,8.0000
12031,12.0000
12033,30.0000
12034,30.5000
12035,3.5000
12040,11.4286
12042,18.6667
12045,6.5000
12048,11.0000
12050,32.0000
12053,12.0000
12054,11.0000
12056,20.3333
12057,9.0000
12058,13.6000
12061,3.5000
12063,5.3333
12066,16.2500
12072,37.6000
12073,15.2500
12074,7.0000
12076,3.3333
12077,3.0000
12079,7.2222
12081,19.6667
12082,5.0000
12084,8.6667
12085,45.5000
12087,9.0000
12089,32.0000
12093,3.0000
12095,6.0000
12097,4.2500
12101,4.0000
12102,9.6667
12103,5.0000
12106,4.0000
12107,7.5000
12111,2.5000
12113,3.5000
12118,8.6667
12119,3.0000
12120,2.0000
12121,5.0000
12122,6.5000
12127,7.4286
12133,5.5000
12135,2.5000
12136,33.6667
12137,22.2500
12138,15.7500
12141,5.0000
12144,28.4000
12147,23.5000
12148,3.7500
12149,2.7500
12151,7.0000
12152,11.5000
12153,25.8000
12161,12.6667
12162,9.0000
12164,22.7692
12165,4.0000
12167,14.3333
12169,7.2500
12170,11.6667
12171,16.0000
12173,4.3333
12174,5.0000
12176,26.6667
12178,4.8333
12180,2.5000
12181,11.2500
12183,7.6667
12184,5.5000
12185,11.0000
12188,6.3333
12189,5.6000
12191,3.0000
12193,9.0000
12196,5.0000
12202,17.5000
12205,22.6923
12208,6.0000
12212,4.6000
12213,20.6667
12214,6.6667
12216,8.7778
12217,4.6667
12221,5.1429
12225,6.5000
12227,9.6667
12228,15.1429
12230,7.0000
12233,3.0000
12235,5.0000
12236,11.7500
12237,4.8750
12238,3.5000
12241,16.5714
12243,4.0000
12246,14.7778
12247,10.6667
12248,27.8333
12249,15.6000
12250,8.5000
12251,10.2000
12256,22.0000
12263,15.1429
12265,20.2500
12266,14.5000
12267,7.5000
12268,4.0000
12270,3.0000
12277,10.0000
12279,20.0000
12281,12.0000
12282,8.0000
12284,14.0000
12285,8.0000
12290,27.5000
12291,10.0000
12292,14.6000
12293,8.6667
12294,18.0000
12296,19.0000
12297,7.2500
12301,3.6667
12302,21.3333
12303,21.0000
12310,6.1667
12311,28.6000
12312,14.0000
12313,16.0000
12315,16.3333
12318,8.4000
12319,6.0000
12323,28.2000
12324,21.0000
12325,5.0000
12326,9.0000
12327,6.0000
12328,24.0000
12330,3.6667
12333,4.6364
12334,12.0000
12335,23.7500
12337,14.0000
12341,24.6667
12346,22.0000
12348,7.1429
12350,17.3333
12352,7.2500
12355,27.5000
12356,13.5000
12357,26.7000
12358,28.5000
12361,11.3333
12363,21.3333
12367,15.8889
12369,8.0000
12370,4.5000
12372,9.0000
12373,11.3333
12375,16.8000
12382,26.8000
12383,7.0000
12386,22.3333
12388,14.0000
12389,33.7857
12391,24.0000
12393,4.7000
12395,8.5000
12397,9.5000
12400,27.4000
12402,8.0000
12403,8.6667
12404,9.0000
12406,6.2500
12407,4.5000
12408,9.5000
12411,5.0000
12417,16.5000
12420,18.4000
12421,6.7500
12425,17.4000
12429,6.3333
12432,4.3333
12434,12.6667
12436,14.2500
12438,10.3333
12439,9.0000
12440,4.0000
12441,2.5000
12443,13.5000
12445,18.3333
12447,7.0000
12448,3.0000
12449,13.0000
12451,7.6667
12452,3.0000
12454,9.0000
12456,14.8571
12460,5.0000
12462,24.3333
12463,5.0000
12464,19.6000
12468,3.6667
12470,11.5000
12471,13.6667
12472,21.0000
12473,11.6667
12474,8.2500
12477,11.1667
12478,7.5000
12480,5.6667
12481,5.8000
12483,7.5000
12486,18.3333
12487,5.6667
12488,2.0000
12490,3.4000
12492,10.5000
12493,17.0909
12496,6.6667
12497,6.5000
12499,7.6667
12501,23.4444
12503,3.0000
12505,15.5000
12506,7.0000
12509,5.5000
12510,12.5000
12512,4.0000
12515,8.0000
12516,14.0000
12517,6.0000
12518,5.0000
12519,7.5000
12521,7.0000
12522,5.0000
12524,4.0000
12526,5.0000
12527,17.5000
12529,10.6667
12530,10.5000
12531,7.2500
12534,3.0000
12537,5.0000
12539,20.0000
12541,13.0000
12543,12.1429
12544,11.0000
12545,3.6667
12547,7.4286
12548,11.5000
12550,5.0000
12551,3.5000
12553,3.0000
12554,3.0000
12558,4.3333
12560,6.0000
12562,6.5000
12564,4.0000
12565,9.8000
12567,4.8571
12569,18.0000
12570,7.0000
12571,8.3333
12573,6.5000
12574,4.0000
12576,2.0000
12577,15.5000
12578,5.6667
12582,7.0000
12584,3.5714
12585,5.5714
12586,7.0000
12589,13.6667
12591,20.3333
12593,18.1000
12594,5.2500
12595,4.6667
12599,29.3333
12600,3.5000
12603,5.5000
12604,4.0000
12605,11.0000
12607,6.9000
12608,5.6667
12610,16.6250
12611,9.0000
12613,12.4000
12615,5.0000
12617,27.5000
12621,2.0000
12627,12.3333
12628,16.1667
12630,5.8000
12632,16.0000
12633,16.7143
12636,24.0000
12637,34.6667
12640,26.0000
12641,5.0000
12648,33.3333
12652,29.5000
12654,9.0000
12655,4.0000
12656,7.5000
12658,7.0000
12660,13.3333
12662,29.4444
12663,13.0000
12665,26.0000
12666,14.3333
12670,33.7692
12672,21.6667
12674,6.0000
12678,6.6250
12679,18.0000
12683,18.0000
12685,6.0000
12686,34.2500
12687,32.6667
12689,6.7500
12692,8.0000
12695,16.0000
12696,11.0000
12697,4.0000
12698,7.0000
12700,12.5000
12703,12.5000
12705,2.0000
12708,5.5714
12709,9.0000
12710,2.0000
12716,8.6667
12718,7.0000
12723,12.0000
12725,8.1667
12728,6.0000
12732,2.0000
12733,23.7500
12735,21.5714
12738,8.0000
12741,17.0000
12742,5.6667
12743,3.7500
12744,20.0000
12745,9.5000
12747,35.0000
12748,3.0000
12749,11.3333
12751,16.0000
12752,28.0833
12753,4.6667
12754,5.3333
12757,9.4000
12758,22.0000
12759,10.7500
12761,17.5000
12764,41.0000
12770,9.0000
12771,7.0000
12772,5.5000
12773,18.5000
12776,6.5000
12777,9.5000
12780,6.7500
12783,10.0000
12784,18.0000
12785,19.0000
12786,18.6667
12788,10.0000
12791,6.5000
12792,5.6000
12797,20.3750
12798,16.2500
12800,12.0000
12801,13.6667
12805,3.0000
12809,7.0000
12810,17.5000
12811,9.0000
12817,5.7500
12818,8.5000
12820,5.0000
12824,8.0000
12827,3.5000
12828,15.5000
12829,4.5000
12832,4.6667
12833,22.5000
12842,12.0000
12843,7.1667
12844,24.3333
12845,5.0000
12849,9.1111
12850,5.5000
12852,10.0000
12853,28.6000
12856,7.7500
12859,32.0000
12864,23.8462
12865,5.6667
12867,4.6667
12872,12.6667
12874,3.0000
12875,10.6667
12879,6.3333
12880,10.2222
12881,8.5000
12882,3.2500
12883,11.0000
12887,3.3333
12888,34.5556
12889,10.6667
12890,21.4545
12891,4.5000
12893,8.7500
12894,11.6667
12897,24.3333
12899,7.5000
12900,4.4000
12902,26.1667
12903,12.6667
12904,6.7500
12907,16.8571
12910,9.0000
12911,4.0000
12912,6.2500
12915,5.0000
12916,18.2500
12918,5.0000
12921,10.0000
12924,4.5000
12925,3.6667
12927,6.0000
12928,4.8571
12929,4.6667
12931,22.5000
12934,18.2500
12936,3.3333
12937,10.2727
12939,17.6667
12942,15.5000
12944,17.6667
12945,10.8000
12946,13.6250
12949,6.5000
12950,7.5000
12955,2.6667
12957,14.7778
12959,3.5000
12963,3.5000
12964,7.7500
12968,11.6667
12969,5.0000
12970,26.5000
12971,34.0000
12972,6.0000
12973,13.6667
12976,21.1333
12977,8.7143
12982,14.3333
12985,3.0000
12988,3.0000
12992,6.6667
12994,14.8750
12995,30.9286
12996,29.6667
12997,2.0000
12998,5.6667
13003,5.0000
13004,41.0000
13005,3.0000
13007,10.6000
13010,9.6667
13014,15.0000
13015,5.1667
13017,5.0000
13020,9.3333
13022,16.0000
13023,3.0000
13025,8.8571
13029,10.0000
13030,13.0000
13034,5.0000
13036,10.0000
13041,6.0000
13042,10.0000
13044,15.5000
13046,9.5000
13047,13.0000
13048,5.0000
13049,6.0000
13056,7.6667
13059,20.1429
13060,9.0000
13065,7.5000
13067,30.0000
13072,5.5000
13073,23.2500
13074,9.5000
13078,16.0000
13079,26.0000
13084,21.8000
13088,12.5000
13093,7.0000
13098,5.5000
13099,9.6667
13100,13.0000
13101,9.0000
13102,15.5000
13104,11.0000
13105,7.5000
13108,6.6667
13110,35.0000
13111,11.2000
13112,3.8571
13113,4.0000
13114,26.5000
13115,13.0000
13117,30.6667
13118,20.6667
13119,23.0000
13121,17.7143
13122,10.0000
13127,14.5000
13128,8.2857
13129,2.0000
13132,9.2500
13134,11.0000
13137,27.0000
13139,5.0000
13140,12.5000
13141,11.2500
13143,15.5000
13144,6.4000
13145,4.0000
13146,6.2000
13147,28.6667
13148,9.0000
13151,5.0000
13152,36.8000
13154,6.0000
13156,4.0000
13158,2.0000
13160,9.0000
13161,23.7500
13162,6.6667
13164,5.0000
13165,7.6250
13172,17.7500
13173,36.0000
13174,6.0000
13175,8.5000
13177,22.0000
13178,7.2500
13179,2.0000
13183,10.5000
13184,4.1250
13186,34.7500
13190,16.5000
13191,11.3333
13192,6.2500
13195,3.0000
13198,8.7500
13200,3.0000
13201,10.0000
13202,7.4286
13204,7.5000
13205,6.0000
13209,6.0000
13211,6.6667
13214,10.8000
13215,7.0000
13216,21.4000
13220,13.2222
13221,8.8333
13223,6.0000
13225,25.5000
13226,6.0000
13227,14.0000
13229,7.8889
13232,3.6000
13233,24.0000
13235,5.4000
13236,10.7500
13238,4.0000
13240,5.0000
13243,3.5000
13244,14.3333
13245,5.0000
13246,17.3333
13247,30.9286
13248,6.6667
13249,7.5000
13252,5.6000
13255,6.0000
13256,22.6667
13258,19.7500
13261,16.0000
13262,6.0000
13263,9.0000
13267,14.1429
13269,16.0000
13270,5.5000
13272,3.6667
13273,17.8571
13275,13.0000
13277,11.8000
13278,11.5714
13279,17.2500
13280,9.2000
13285,15.5000
13286,8.0000
13288,8.5000
13290,24.2500
13291,7.5000
13292,6.0000
13293,6.2000
13299,8.0000
13300,4.0000
13301,20.1250
13302,8.6000
13303,6.0000
13305,7.0000
13308,15.0000
13311,5.5000
13312,4.0000
13315,12.3333
13317,13.8000
13319,3.0000
13322,9.5000
13324,4.8000
13325,21.4000
13328,8.5000
13329,24.7143
13330,25.0000
13333,15.0000
13335,8.0000
13337,7.0000
13338,2.0000
13341,6.0000
13342,14.3333
13344,14.5000
13346,41.5000
13347,10.6667
13348,6.8333
13350,11.3333
13352,3.3333
13353,32.0000
13357,18.5000
13359,24.2500
13362,6.0000
13363,9.0000
13365,28.5000
13366,2.0000
13367,27.0000
13369,8.0000
13372,23.5714
13377,12.0000
13378,64.0000
13383,6.0000
13384,8.6667
13385,16.5000
13387,30.6000
13393,5.4000
13394,7.0000
13395,35.5000
13396,16.0000
13397,10.0000
13398,18.0000
13399,6.7143
13400,7.6667
13405,13.0000
13406,4.2222
13408,7.0000
13409,4.6667
13411,6.8333
13412,7.5000
13417,22.0000
13419,13.0000
13420,5.5000
13422,2.0000
13425,12.0000
13427,13.0000
13432,5.0000
13434,10.2222
13438,16.5000
13439,9.3333
13440,13.5000
13441,9.7500
13443,6.1667
13444,24.3333
13448,7.2500
13452,2.0000
13453,5.5000
13454,8.0000
13456,14.0000
13461,4.5000
13462,4.3333
13464,21.1250
13466,15.3333
13468,28.6667
13469,7.2857
13470,5.3333
13471,13.0000
13475,6.6667
13478,7.4000
13480,7.5000
13482,5.0000
13483,12.0000
13484,6.5000
13486,36.0000
13488,5.0000
13490,4.0000
13492,16.6667
13494,3.5000
13495,3.5000
13496,6.5000
13497,17.0000
13498,2.0000
13506,11.0000
13508,8.2500
13509,10.5000
13511,50.2000
13514,12.4000
13516,10.3333
13520,16.5000
13521,3.5000
13522,10.0000
13523,9.6667
13526,15.0000
13527,7.5000
13528,25.4286
13531,16.4000
13532,8.7500
13533,2.5000
13534,42.0000
13539,26.0000
13541,14.3333
13542,8.2500
13543,4.0000
13547,5.2000
13548,8.6667
13549,7.0000
13550,40.0000
13551,3.0000
13552,7.8000
13553,7.0000
13555,8.0000
13556,18.4000
13557,4.0000
13563,8.0000
13564,20.5000
13565,4.0000
13569,13.0000
13570,6.0000
13572,14.5000
13575,29.7500
13576,21.7500
13577,20.6667
13578,13.0000
13579,23.0909
13580,15.3000
13581,7.2500
13583,4.8000
13584,4.0000
13585,6.5000
13586,27.0000
13589,7.0000
13590,7.0000
13591,16.8333
13592,29.5000
13594,9.8000
13595,5.6000
13600,3.0000
13605,11.4000
13608,15.0000
13612,3.0000
13613,35.0000
13617,6.0000
13618,14.8000
13621,2.5000
13623,9.8333
13624,6.0000
13625,6.5000
13627,6.5000
13630,3.0000
13631,28.4286
13632,5.6000
13640,2.0000
13641,3.5000
13644,7.2857
13648,12.0000
13649,13.0000
13653,5.0000
13654,10.0000
13655,5.0000
13658,7.0000
13659,16.5000
13660,13.3333
13662,3.0000
13666,38.1000
13667,15.5000
13671,5.2000
13672,28.0000
13674,22.1429
13676,6.0000
13680,6.0000
13681,5.0000
13684,11.4286
13685,3.0000
13686,25.0000
13687,13.5000
13688,12.2857
13691,35.5000
13693,39.5000
13694,16.3333
13696,7.3333
13697,27.3333
13698,13.0000
13699,8.1429
13701,17.5000
13702,21.2500
13704,4.3333
13706,11.5000
13709,6.0000
13710,4.0000
13711,8.5000
13713,11.0000
13719,7.0000
13720,3.5000
13721,6.8000
13723,28.6667
13726,17.6667
13727,17.5000
13729,12.3333
13731,29.0000
13732,3.5000
13733,7.0000
13734,7.0000
13737,16.0000
13741,7.5000
13742,10.3333
13743,6.5000
13744,7.6667
13747,5.5000
13750,4.0000
13754,31.8333
13755,7.5000
13757,28.2857
13759,53.5000
13761,12.2857
13762,4.3333
13763,2.0000
13764,6.8571
13765,10.0000
13766,11.0000
13769,4.0000
13773,7.5000
13775,26.0000
13776,13.4286
13778,8.0000
13782,18.0000
13783,5.0000
13784,9.0000
13785,18.7500
13787,4.0000
13789,6.0000
13790,16.3333
13793,7.0000
13797,6.8333
13798,9.0000
13799,7.2500
13804,9.0000
13809,9.0000
13810,18.2500
13818,17.0000
13819,11.0000
13821,7.6667
13823,24.5000
13824,5.5000
13825,18.0000
13826,21.5714
13827,17.0000
13830,9.0000
13832,22.6667
13833,7.0000
13834,3.0000
13835,11.5000
13839,22.3333
13841,7.0000
13842,8.0000
13843,7.8000
13845,23.5000
13847,5.0000
13849,4.5000
13851,17.1667
13853,7.5000
13858,12.4000
13859,8.0000
13860,19.0000
13871,14.5000
13874,12.0000
13882,16.3333
13884,12.5000
13887,14.5000
13888,5.6000
13892,7.0000
13894,37.8750
13895,4.0000
13896,29.3333
13897,5.6667
13898,8.5000
13899,21.0000
13900,4.8571
13902,16.0000
13907,27.0000
13908,2.0000
13910,17.0000
13918,12.6667
13919,6.0000
13920,18.6364
13922,17.3333
13923,6.0000
13924,12.7500
13925,8.6667
13928,29.0000
13930,2.0000
13932,2.5000
13933,25.6000
13938,20.6667
13940,6.2000
13941,5.5000
13942,9.8333
13945,18.2857
13947,17.0000
13948,32.6667
13955,3.5000
13956,17.5000
13957,23.7778
13960,6.7500
13961,8.0000
13962,5.5000
13964,17.4000
13968,8.5000
13970,4.0000
13973,16.4000
13974,5.5000
13976,13.0000
13977,5.7500
13978,29.3333
13979,15.0000
13982,9.0000
13984,15.3333
13985,12.7143
13989,25.6667
13992,13.0000
13995,3.0000
13996,6.0000
14000,32.5000
14003,6.0000
14005,22.0000
14007,20.5000
14008,7.0000
14009,29.6000
14011,6.0000
14012,8.3333
14013,4.2000
14016,11.8000
14018,11.5556
14019,16.2500
14024,7.5000
14026,10.6667
14027,9.2000
14028,2.5000
14029,3.5000
14032,13.1111
14033,2.0000
14035,6.0000
14037,24.1111
14038,11.3333
14039,12.0000
14040,21.0000
14041,8.0000
14042,11.1429
14043,6.5000
14044,5.0000
14046,16.0000
14048,4.0000
14049,5.0000
14050,6.0000
14051,20.0000
14053,4.8000
14054,12.0000
14058,8.5000
14061,13.0000
14062,16.5000
14066,2.5000
14067,5.0000
14068,27.5000
14070,51.5000
14073,30.5000
14076,4.1250
14077,7.0000
14081,8.0000
14083,36.0000
14084,7.3333
14085,6.0000
14086,5.7500
14093,11.0000
14094,18.6667
14095,5.5000
14096,4.0000
14098,11.5000
14099,8.0000
14101,5.5000
14102,11.7500
14103,4.8333
14106,3.0000
14107,4.3333
14108,8.5000
14110,25.5000
14111,8.5000
14113,3.5000
14114,18.1667
14118,13.2500
14124,14.0000
14125,8.5000
14128,5.0000
14129,4.6667
14130,8.3333
14132,9.4000
14133,11.8000
14135,18.0000
14139,4.3333
14140,4.5000
14141,20.7778
14142,7.0000
14146,4.0000
14147,5.0000
14148,4.6667
14150,10.0000
14154,3.3333
14157,5.6667
14158,25.5000
14170,29.0000
14172,16.6667
14173,39.5000
14176,12.6667
14177,8.7500
14179,23.0000
14181,11.0000
14182,9.0000
14183,20.0000
14185,12.0000
14186,5.0000
14187,47.0000
14189,4.6000
14190,11.0000
14194,14.0000
14195,6.5000
14198,8.0000
14199,32.6000
14200,23.0000
14201,6.4286
14202,7.0000
14204,6.0000
14206,14.0000
14208,25.0000
14210,6.0000
14214,5.0000
14217,14.0000
14220,11.0000
14222,8.0000
14223,6.5000
14226,12.0000
14227,7.3333
14228,6.0000
14232,18.0000
14234,7.0000
14237,7.0000
14240,15.6667
14241,9.5000
14242,4.3333
14243,7.5000
14244,4.0000
14245,20.0000
14247,7.3333
14250,5.0000
14251,7.0000
14252,3.0000
14253,28.6667
14254,7.0000
14256,23.0000
14259,18.2500
14260,7.0000
14263,15.0000
14265,5.3333
14266,10.5000
14267,6.0000
14272,13.6667
14273,8.6667
14274,8.0000
14275,3.5714
14277,16.0000
14278,36.0000
14279,10.2000
14280,12.5000
14281,14.5000
14282,8.0000
14283,5.5000
14284,27.2500
14285,11.0000
14287,5.0000
14288,29.0000
14289,14.0000
14291,6.3333
14292,2.0000
14293,11.5000
14294,5.5000
14295,11.0000
14298,2.0000
14299,6.0000
14300,13.0000
14301,27.5000
14302,23.0000
14303,8.3333
14304,14.8571
14307,4.0000
14309,24.0000
14313,6.5000
14314,13.6000
14316,8.0000
14317,4.0000
14318,10.5000
14319,17.0000
14321,10.0000
14323,20.3333
14325,5.2500
14326,14.5000
14327,10.0000
14329,19.8333
14330,11.0000
14334,4.5000
14335,37.2000
14336,33.0000
14339,8.0000
14340,3.0000
14341,9.0000
14347,10.0000
14349,5.0000
14350,8.0000
14351,3.6667
14355,14.5000
14356,20.5000
14357,10.5000
14358,8.0000
14359,10.5000
14361,9.6667
14362,13.0000
14363,5.0000
14365,11.4000
14368,12.5000
14369,13.5000
14371,9.0000
14372,6.0000
14373,8.2500
14374,20.5000
14377,8.0000
14378,6.0000
14380,23.6000
14382,17.0000
14383,4.0000
14384,15.0000
14387,17.5000
14388,3.0000
14390,18.5000
14391,5.3333
14395,5.0000
14396,29.8000
14397,5.5000
14400,15.5000
14403,9.0000
14405,12.7143
14409,13.0000
14411,7.0000
14412,3.0000
14413,3.7500
14416,60.5000
14417,8.7500
14418,10.0000
14422,12.0000
14424,26.6000
14426,8.5714
14429,15.0000
14433,6.4286
14435,8.8000
14437,13.6667
14438,4.6000
14439,3.2500
14441,20.5000
14442,3.0000
14443,8.0000
14445,9.0000
14448,22.0000
14451,8.3333
14453,6.0000
14454,6.6000
14455,7.7500
14457,4.0000
14459,31.0000
14462,26.5000
14464,4.0000
14467,2.0000
14469,27.4000
14470,2.5000
14471,17.0000
14477,11.5000
14478,9.2500
14479,8.6250
14480,3.0000
14482,4.5000
14484,10.0000
14485,4.0000
14491,12.0000
14494,6.5000
14496,10.5000
14499,6.6667
14500,2.5000
14501,3.0000
14502,43.5556
14504,6.7500
14505,5.2500
14506,8.0000
14509,8.0000
14510,8.0000
14511,5.0000
14512,15.5000
14516,13.7500
14517,5.1667
14518,7.8000
14519,16.0000
14523,13.1250
14524,9.6667
14530,11.5000
14531,7.5000
14532,3.5000
14536,8.0000
14541,5.6000
14542,20.0000
14545,9.6667
14552,10.3333
14553,5.5000
14554,7.5000
14555,5.0000
14556,2.0000
14558,52.0000
14559,7.0000
14560,4.0000
14562,3.0000
14564,4.0000
14566,4.7500
14567,5.0000
14570,5.6667
14571,11.6667
14573,6.0000
14575,10.8000
14579,33.0000
14582,4.0000
14584,17.2857
14585,2.0000
14586,21.5000
14587,13.0000
14588,7.0000
14593,9.0000
14597,5.5000
14599,19.5714
14602,7.0000
14606,17.5000
14609,6.7500
14611,16.0000
14613,7.0000
14614,2.0000
14615,7.3333
14618,6.6667
14620,27.0000
14621,17.2000
14625,5.5000
14626,9.6667
14627,19.5000
14628,17.0000
14629,20.7500
14630,2.0000
14632,3.0000
14633,7.0000
14634,10.6667
14635,7.0000
14638,31.3333
14639,32.2500
14640,6.0000
14643,6.0000
14644,13.5000
14646,12.0000
14649,3.5000
14650,18.0000
14651,40.1000
14655,8.5000
14657,13.0000
14658,7.0000
14660,4.5000
14664,19.5000
14665,23.8000
14666,13.5000
14668,12.0000
14669,5.0000
14670,10.0000
14672,12.3333
14677,24.6667
14680,12.2000
14683,7.3333
14684,22.6667
14685,11.6667
14687,6.0000
14689,8.0000
14690,30.0000
14691,2.0000
14692,13.5000
14693,14.0000
14704,6.2500
14705,9.0000
14707,11.0000
14710,8.5000
14711,6.0000
14720,10.0000
14723,8.1250
14726,18.3333
14732,19.7500
14733,5.2000
14734,30.0000
14738,22.6667
14740,5.6667
14742,16.1667
14743,12.6667
14745,27.0000
14747,31.2000
14749,4.6250
14750,9.2857
14752,4.7500
14754,28.0000
14757,14.0000
14759,12.0000
14760,5.0000
14766,19.8571
14767,16.0000
14768,3.0000
14770,16.6667
14771,12.2500
14773,5.0000
14774,5.3333
14775,2.7500
14780,4.6667
14784,10.0000
14788,6.0000
14789,6.0000
14790,4.5000
14792,8.2500
14793,6.6667
14799,9.6667
14804,3.6667
14805,4.0000
14806,7.5000
14808,23.2000
14809,5.6667
14810,4.5000
14811,4.5000
14813,5.0000
14814,9.5000
14816,3.3333
14818,10.0000
14819,31.2000
14820,16.6000
14821,5.5000
14823,21.0000
14824,13.0000
14825,9.0000
14826,10.0000
14828,22.6000
14829,17.0000
14831,4.5000
14832,7.3333
14833,6.2857
14834,7.0000
14837,5.5000
14842,7.0000
14847,7.2500
14848,15.5000
14849,10.8333
14850,8.5000
14851,5.0000
14852,5.2500
14853,9.6667
14855,10.0000
14856,6.5000
14857,28.0000
14859,12.0000
14860,27.0000
14863,5.8571
14866,22.2500
14869,7.3333
14871,2.0000
14873,6.6667
14874,5.0000
14877,24.2000
14878,2.0000
14880,3.5000
14881,25.6667
14882,4.0000
14885,8.1667
14890,4.0000
14891,34.1667
14892,8.0000
14893,5.6667
14894,6.5000
14898,6.0000
14900,2.0000
14901,8.5000
14902,12.5000
14905,3.0000
14906,7.3333
14907,6.0000
14912,7.8333
14913,11.0000
14915,5.6000
14918,34.7500
14921,3.5000
14922,6.3333
14923,7.0000
14925,16.6667
14926,7.0000
14927,4.8000
14928,20.6667
14929,17.0000
14930,5.3333
14931,7.0000
14932,4.5000
14935,6.0000
14940,15.2000
14943,3.0000
14944,10.0000
14945,2.0000
14947,13.3333
14948,8.0000
14949,5.7500
14951,12.6667
14952,13.0000
14953,8.0000
14955,23.6000
14957,8.6667
14958,35.4000
14960,6.2500
14961,27.5000
14962,7.5000
14963,8.5000
14964,29.5000
14965,2.5000
14966,5.5000
14970,18.3333
14971,8.5000
14972,10.6667
14973,8.5000
14974,17.0000
14975,20.0000
14976,16.0000
14977,23.8571
14978,9.0000
14979,20.7143
14983,14.0000
14986,2.5000
14987,4.0000
14988,9.0000
14991,8.6667
14994,11.5000
14995,29.1667
14996,19.0000
15001,12.0000
15005,12.8000
15007,10.4000
15009,14.0000
15011,16.6667
15012,4.0000
15015,23.3333
15016,19.7143
15018,20.7143
15020,3.3333
15022,9.6667
15024,12.0000
15025,9.1667
15028,2.0000
15029,10.0000
15030,6.0000
15033,19.4286
15039,11.4000
15041,34.3333
15042,15.0000
15043,5.0000
15045,13.0000
15048,7.7500
15052,25.6667
15054,13.0000
15055,32.2500
15066,4.0000
15067,14.0000
15072,14.0000
15074,6.0000
15075,9.0000
15077,21.0000
15078,10.0000
15079,30.0000
15081,12.6000
15082,35.0000
15083,2.0000
15085,25.1250
15087,8.0000
15088,13.0000
15090,5.0000
15091,8.7500
15093,8.0000
15094,24.0000
15096,15.0000
15101,8.0000
15105,8.6667
15107,13.3333
15109,7.5000
15112,25.0000
15113,4.5000
15116,13.0000
15123,22.0000
15124,7.5000
15126,15.7500
15127,4.0000
15128,2.0000
15132,23.5000
15133,7.5000
15135,5.5000
15136,10.0000
15137,13.0000
15140,2.0000
15143,10.0000
15146,8.5000
15149,9.6667
15150,10.0000
15156,27.0000
15158,19.3333
15159,19.0000
15160,5.0000
15161,25.0000
15163,8.0000
15164,7.0000
15165,17.0000
15166,30.1429
15168,7.6667
15169,5.0000
15170,6.3333
15172,4.0000
15174,4.2500
15177,6.3333
15180,15.6667
15181,8.5000
15182,4.5000
15184,34.1250
15185,12.5000
15186,4.0000
15188,15.4000
15190,20.1429
15200,30.5000
15201,4.0000
15202,18.6667
15204,10.0000
15207,2.0000
15208,22.8000
15214,2.0000
15216,11.6667
15218,18.0000
15219,17.0000
15220,9.0000
15224,14.5000
15225,10.5000
15226,8.5000
15227,28.6667
15228,16.8000
15229,28.0000
15230,15.3333
15231,27.7500
15233,2.3333
15235,7.0000
15239,8.0000
15240,20.2500
15241,6.3333
15244,10.0000
15245,9.0000
15247,35.6667
15249,8.5000
15251,5.0000
15253,12.7500
15254,9.6667
15257,10.6667
15261,5.1667
15263,5.0000
15266,4.5000
15269,11.0000
15273,2.5000
15274,8.6667
15275,5.8000
15277,3.0000
15280,8.0000
15281,4.5000
15283,4.3333
15284,12.5000
15285,10.0000
15287,5.7500
15288,24.0000
15289,6.0000
15291,22.5000
15292,7.0000
15295,6.3333
15296,5.8000
15302,10.5000
15303,4.6667
15304,8.0000
15305,8.0000
15308,4.0000
15309,21.0000
15310,7.0000
15311,7.2857
15312,8.0000
15314,9.0000
15316,19.3333
15319,9.0000
15320,9.6667
15321,2.0000
15324,4.5000
15325,34.3333
15328,26.0000
15329,15.6667
15330,10.7500
15332,11.2000
15333,7.4000
15334,12.0000
15335,8.5000
15337,3.5000
15339,4.5714
15340,9.0000
15347,4.2500
15348,5.5000
15350,6.7143
15351,15.5000
15352,13.6667
15353,10.0000
15355,21.5000
15357,12.3333
15358,19.0000
15359,2.0000
15363,32.1250
15364,7.5000
15365,7.0000
15366,9.0000
15367,17.6000
15372,14.7500
15375,3.0000
15376,10.4000
15378,4.0000
15380,14.5556
15381,5.0000
15382,9.0000
15384,4.3333
15385,12.0000
15386,3.0000
15389,4.0000
15392,17.2500
15395,7.0000
15396,5.7143
15400,7.0000
15402,5.0000
15403,23.0000
15405,9.3333
15407,18.6000
15409,9.6667
15410,12.5000
15416,15.3333
15418,5.0000
15422,8.0000
15424,16.4000
15426,13.0000
15429,27.0000
15431,12.2000
15432,5.5000
15434,28.0000
15435,16.0000
15436,8.8571
15438,13.5000
15439,17.6000
15440,6.8000
15443,26.0000
15444,11.2500
15445,25.6250
15447,5.6667
15449,6.0000
15450,17.0000
15452,11.7500
15455,7.0000
15456,29.6667
15457,8.0000
15458,13.6667
15463,9.5000
15464,25.0000
15465,10.7143
15467,17.2500
15468,12.0000
15469,9.7500
15471,18.4000
15472,9.0000
15473,15.0000
15474,7.0000
15475,17.0000
15476,23.5000
15478,6.0000
15481,6.0000
15482,17.0000
15483,18.0000
15490,16.2500
15491,33.3333
15493,11.5000
15494,26.0000
15495,20.2857
15497,27.2000
15498,11.0000
15499,30.0000
15503,14.3333
15504,6.0000
15505,19.0000
15506,26.5000
15509,15.0000
15510,18.3333
15511,12.6000
15512,32.4000
15515,6.0000
15517,16.0000
15519,6.5000
15521,19.1250
15527,9.0000
15530,9.0000
15531,15.0000
15532,12.0000
15533,11.0000
15534,20.1667
15536,2.0000
15538,6.0000
15539,6.5000
15540,19.0000
15541,9.0000
15543,8.0000
15545,19.5000
15548,19.8333
15550,6.2500
15551,26.0000
15553,4.0000
15556,10.6667
15558,27.0000
15559,5.0000
15560,27.2500
15561,4.0000
15564,6.0000
15566,2.0000
15569,11.0000
15570,2.5000
15571,11.6667
15576,8.5000
15579,27.5000
15583,6.5000
15584,5.5000
15585,9.0000
15586,4.0000
15587,8.6000
15589,5.3333
15590,8.0000
15594,7.0000
15595,3.0000
15600,4.7500
15601,12.3333
15603,18.3333
15605,6.0000
15609,8.4000
15610,28.0000
15611,10.6667
15613,20.5000
15615,5.0000
15616,3.6667
15617,23.0000
15619,11.2500
15620,20.2500
15623,5.5000
15624,14.6667
15625,28.6667
15626,10.4000
15627,5.0000
15628,20.8333
15631,23.4000
15633,10.6000
15634,26.7500
15635,13.2500
15637,11.0000
15638,4.0000
15639,5.0000
15640,3.0000
15641,5.0000
15644,10.7500
15646,6.5000
15648,12.6667
15651,13.5000
15655,12.5000
15656,19.1667
15657,7.6667
15660,5.0000
15661,13.0000
15664,19.0000
15665,15.0000
15666,10.5000
15667,6.6667
15670,4.7500
15671,3.5000
15678,4.5000
15679,7.6667
15680,7.0000
15682,19.6667
15683,8.5000
15684,9.4000
15686,7.5000
15687,3.0000
15688,17.8333
15690,9.0000
15693,9.0000
15694,5.3333
15696,5.7500
15697,19.6667
15698,15.3333
15699,3.0000
15701,23.8000
15702,18.0000
15705,17.0000
15708,8.3333
15709,17.0000
15715,2.5000
15717,7.0000
15718,32.1667
15719,9.3333
15720,11.0000
15722,10.3333
15723,7.0000
15725,12.0000
15730,17.0000
15731,9.0000
15733,11.0000
15734,12.0000
15735,5.7500
15738,5.0000
15739,21.8000
15741,4.5714
15745,4.6667
15746,7.2500
15747,3.5000
15750,9.1429
15753,7.0000
15754,34.3333
15755,5.0000
15765,15.2500
15767,25.3333
15769,6.5000
15770,4.0000
15771,3.0000
15774,28.0000
15778,5.0000
15781,7.0000
15782,6.3333
15783,14.0000
15784,8.6667
15785,8.3333
15786,26.2500
15787,7.8571
15788,6.5000
15792,5.5000
15794,5.5000
15799,9.5000
15802,6.0000
15804,5.0000
15806,12.7500
15807,8.3333
15810,29.0000
15811,5.0000
15812,12.6667
15815,5.5000
15816,9.0000
15817,9.5000
15818,7.0000
15823,4.8000
15824,13.0000
15825,41.0000
15827,4.5000
15830,15.0000
15832,72.6667
15836,12.0000
15837,17.6667
15839,18.0000
15841,44.8000
15845,29.0000
15847,13.6000
15850,11.6667
15858,18.0000
15859,3.0000
15861,11.0000
15864,31.5000
15869,6.0000
15873,17.0000
15874,8.0000
15875,12.0000
15881,9.5000
15882,4.6667
15885,13.0000
15886,7.5000
15889,2.0000
15891,25.0000
15892,13.0000
15893,6.0000
15897,16.0000
15899,12.0000
15901,5.0000
15903,35.5000
15905,19.6667
15906,20.0000
15907,6.3333
15908,23.5000
15909,5.6000
15911,4.2500
15913,7.0000
15915,15.3333
15916,24.5000
15924,10.5000
15926,14.0000
15928,15.4000
15930,6.0000
15931,9.0000
15932,3.0000
15933,11.0000
15934,18.0000
15936,20.3333
15937,7.6667
15943,23.0000
15944,6.3333
15948,7.8333
15950,6.8571
15951,14.0000
15952,21.0000
15957,15.0000
15959,5.5000
15961,3.6667
15962,17.0000
15963,7.5000
15964,9.3333
15965,11.0000
15966,11.0000
15968,17.0000
15969,20.6667
15971,23.0000
15973,9.0000
15974,6.7500
15975,5.0000
15978,13.0000
15979,13.3333
15982,24.5000
15983,8.0000
15984,11.0000
15986,25.2500
15988,13.6667
15989,4.5000
15991,6.5000
15992,20.0000
15994,4.0000
15995,9.5000
15996,9.5000
15997,17.0000
15998,27.5000
15999,9.0000
16001,30.8000
16002,13.0000
16005,11.5000
16007,15.5000
16009,35.6667
16010,13.0000
16012,5.0000
16014,9.0000
16016,5.5000
16020,4.0000
16022,11.3333
16025,7.2500
16026,22.5000
16028,15.6667
16030,16.7500
16032,20.0000
16035,12.0000
16037,12.3333
16039,4.0000
16041,4.5000
16042,7.7500
16043,8.3333
16044,9.5000
16045,4.0000
16048,5.0000
16049,8.0000
16051,14.5000
16052,2.0000
16053,23.6000
16054,4.5000
16055,8.0000
16059,13.7500
16060,8.5000
16062,2.0000
16063,4.0000
16064,18.6667
16065,5.8333
16068,8.5000
16069,2.0000
16070,6.0000
16071,3.6667
16074,10.2500
16076,9.0000
16077,25.0000
16080,4.6000
16082,3.0000
16083,17.5000
16085,9.5000
16087,10.0000
16088,20.0000
16089,7.7500
16092,8.5000
16093,6.3333
16094,4.0000
16095,11.5000
16102,5.5000
16103,7.5000
16104,7.0000
16106,3.6667
16110,7.7500
16113,16.5000
16118,13.3333
16119,11.0000
16120,11.0000
16122,7.0000
16125,14.0000
16127,7.0000
16128,12.0000
16132,4.0000
16133,5.4000
16136,10.6667
16137,5.6000
16138,12.0000
16140,9.0000
16143,5.5000
16145,5.0000
16146,2.6667
16147,13.2000
16153,45.1667
16157,2.5000
16159,9.3333
16160,7.0000
16165,37.5000
16167,17.0000
16168,5.3333
16169,27.6667
16171,13.0000
16172,11.2500
16174,2.5000
16176,3.0000
16177,14.5000
16178,9.7500
16180,19.5000
16182,4.0000
16183,10.0000
16185,6.0000
16186,5.0000
16187,4.3333
16189,5.0000
16191,7.5000
16194,3.0000
16195,6.5000
16197,27.6667
16200,8.0000
16202,3.5000
16203,4.6667
16204,9.0000
16205,7.6667
16206,15.0000
16210,8.0000
16212,8.5000
16213,4.0000
16216,3.0000
16218,11.3333
16219,5.0000
16220,22.0000
16222,7.5000
16226,7.0000
16228,4.0000
16230,7.6667
16233,21.5000
16236,6.0000
16240,27.0000
16241,14.5000
16242,7.0000
16244,13.0000
16247,19.0000
16250,5.0000
16253,28.6000
16254,4.0000
16255,7.6667
16259,12.0000
16261,6.0000
16262,5.0000
16264,32.4000
16265,4.0000
16268,7.0000
16273,9.7500
16274,49.6667
16276,11.0000
16277,26.0000
16279,9.3333
16282,5.0000
16289,4.0000
16291,7.2500
16292,7.0000
16293,11.2500
16295,7.0000
16300,23.6667
16301,4.0000
16302,5.0000
16303,21.0000
16304,15.5000
16306,5.7500
16310,15.0000
16312,6.5000
16314,8.5000
16317,19.5000
16318,18.0000
16319,8.0000
16323,22.5000
16325,8.0000
16330,22.6667
16331,29.5000
16332,2.0000
16333,5.0000
16334,11.0000
16335,20.5000
16336,11.6667
16337,25.0000
16339,23.5000
16340,3.0000
16346,12.6000
16347,4.0000
16348,13.0000
16349,19.0000
16352,17.0000
16353,4.0000
16356,11.0000
16361,18.5000
16362,3.3333
16364,5.0000
16368,20.5000
16369,2.5000
16371,10.0000
16373,10.0000
16374,5.5000
16377,6.5000
16378,3.0000
16381,8.0000
16383,4.0000
16384,8.3333
16388,39.6667
16389,12.0000
16390,21.6667
16392,4.0000
16396,25.0000
16397,6.5000
16398,8.5000
16401,23.3333
16403,11.6667
16404,8.4000
16405,9.7500
16406,25.0000
16407,8.0000
16408,26.2500
16409,6.0000
16414,5.2000
16418,17.5000
16420,7.0000
16421,6.0000
16424,11.3333
16428,2.5000
16429,2.5000
16430,4.5000
16431,2.0000
16433,2.5000
16435,6.5000
16436,8.3333
16440,9.0000
16444,4.5000
16445,21.2000
16446,22.5000
16447,7.5000
16448,10.2500
16452,26.4000
16453,8.5000
16454,15.0000
16455,9.5000
16457,5.0000
16459,7.5000
16460,10.4000
16461,18.0000
16462,9.0000
16467,32.4000
16471,3.0000
16472,2.0000
16474,29.2500
16475,5.0000
16477,6.2500
16478,5.0000
16482,12.2000
16486,12.3333
16488,4.0000
16490,2.0000
16492,10.5000
16494,17.3333
16495,7.5000
16496,4.0000
16501,48.0000
16502,5.0000
16504,2.0000
16505,8.5000
16507,6.6667
16508,6.3333
16510,9.0000
16512,15.0000
16514,6.0000
16520,7.0000
16529,8.0000
16530,18.8000
16531,11.7500
16532,12.0000
16533,12.7500
16535,5.0000
16536,7.0000
16538,5.0000
16539,6.7500
16541,9.0000
16542,11.2000
16546,9.0000
16547,4.0000
16551,7.6667
16553,13.0000
16556,7.0000
16560,4.0000
16561,20.0000
16564,7.6667
16565,4.0000
16566,5.0000
16567,4.0000
16568,19.6667
16569,7.3333
16571,3.7500
16572,28.5000
16574,5.6667
16575,6.0000
16577,30.5000
16578,13.5000
16580,10.0000
16581,3.0000
16582,5.7500
16583,8.0000
16584,14.0000
16585,26.2000
16588,10.0000
16589,4.5000
16592,5.3333
16595,4.0000
16596,10.5000
16598,14.5000
16599,20.0000
16608,8.0000
16609,10.5000
16613,3.0000
16614,17.3333
16616,9.6667
16620,13.0000
16623,3.0000
16624,5.1667
16625,5.5000
16626,5.3333
16628,4.5000
16630,5.0000
16631,22.3333
16632,20.0000
16633,16.6667
16635,7.0000
16637,26.2500
16639,8.8000
16645,7.0000
16654,5.8000
16655,9.0000
16659,7.0000
16660,15.2500
16661,8.5000
16664,12.3333
16666,11.0000
16667,10.0000
16668,10.6667
16669,13.5000
16670,6.0000
16671,14.5000
16672,4.0000
16675,11.0000
16676,4.0000
16677,17.2000
16679,4.5000
16680,3.0000
16681,12.0000
16682,15.0000
16686,26.2000
16687,10.8000
16688,4.7500
16690,3.0000
16693,27.1667
16694,6.0000
16701,14.5000
16702,3.5000
16704,4.0000
16706,9.2500
16708,25.0000
16709,31.0000
16711,3.0000
16712,21.0000
16713,15.0000
16715,2.0000
16717,5.6667
16720,13.7500
16721,9.5000
16722,10.0000
16725,11.0000
16726,48.5000
16727,7.0000
16728,5.0000
16730,6.2000
16732,10.0000
16734,17.7500
16735,36.5000
16736,8.0000
16738,9.0000
16740,16.0000
16743,16.0000
16745,10.0000
16746,9.0000
16749,17.0000
16751,22.2500
16752,11.0000
16758,20.8000
16761,12.0000
16763,35.2000
16764,14.0000
16765,29.0000
16766,31.0000
16768,7.5000
16774,15.0000
16776,22.0000
16777,10.0000
16778,3.0000
16782,5.6667
16783,28.0000
16786,4.0000
16787,19.3333
16791,23.6667
16792,8.0000
16794,21.0000
16795,7.6667
16796,7.2500
16800,3.0000
16801,8.3333
16802,12.0000
16803,11.5000
16805,4.0000
16807,13.4000
16809,19.0000
16810,15.2500
16812,10.5000
16815,4.0000
16817,18.4000
16818,15.0000
16820,14.5000
16821,4.0000
16822,13.2000
16823,16.7500
16825,7.0000
16826,7.3333
16827,13.5000
16828,9.0000
16829,8.0000
16831,24.5000
16832,9.0000
